{
  "project_info": {
    "project_number": "355822346883",
    "firebase_url": "https://pharma-7e8e7.firebaseio.com",
    "project_id": "pharma-7e8e7",
    "storage_bucket": "pharma-7e8e7.appspot.com"
  },
  "client": [
    {
      "client_info": {
        "mobilesdk_app_id": "1:355822346883:android:2051912b5c4a016eac71b6",
        "android_client_info": {
          "package_name": "com.example.afinal"
        }
      },
      "oauth_client": [
        {
          "client_id": "355822346883-idqnoac4apfkgnt7p5fagnb9eebsusnc.apps.googleusercontent.com",
          "client_type": 1,
          "android_info": {
            "package_name": "com.example.afinal",
            "certificate_hash": "8392ee6ee10c8f4d64efb3b457b02baab53c210e"
          }
        },
        {
          "client_id": "355822346883-4vo1rnqnt1kep4v97bs3gamhjrcvg6j3.apps.googleusercontent.com",
          "client_type": 3
        }
      ],
      "api_key": [
        {
          "current_key": "AIzaSyD6H8lQzmMT0KroSIGBD_xOXrrRMc5F5lM"
        }
      ],
      "services": {
        "appinvite_service": {
          "other_platform_oauth_client": [
            {
              "client_id": "355822346883-4vo1rnqnt1kep4v97bs3gamhjrcvg6j3.apps.googleusercontent.com",
              "client_type": 3
            }
          ]
        }
      }
    }
  ],
  "configuration_version": "1"
}